{"cameraMode":{"drawMode":0,"name":"Shaded","section":"Shading Mode"},"sceneLighting":true,"audioPlay":false,"sceneViewState":{"showFog":true,"showMaterialUpdate":false,"showSkybox":true,"showFlares":true,"showImageEffects":true,"showParticleSystems":true},"in2DMode":false,"pivot":{"x":0.8815294504165649,"y":0.08528709411621094,"z":-0.24011754989624024},"rotation":{"x":0.34047064185142519,"y":-0.23477044701576234,"z":0.08820740878582001,"w":0.906191885471344},"size":5.478364944458008,"orthographic":true}